"timepoint_yyyymm","unemployment_rate","year","rolling_minimum","quarterly_rate_minus_rolling_minimum","sahm_rule_triggered"
"1978-02",6.6441245,1978,NA,NA,FALSE
"1978-03",6.3023105,1978,NA,NA,FALSE
"1978-04",6.2672029,1978,NA,NA,FALSE
"1978-05",6.2091692,1978,NA,NA,FALSE
"1978-06",6.3028853,1978,NA,NA,FALSE
"1978-07",6.2224431,1978,NA,NA,FALSE
"1978-08",6.4898725,1978,NA,NA,FALSE
"1978-09",6.2562339,1978,NA,NA,FALSE
"1978-10",6.1628425,1978,NA,NA,FALSE
"1978-11",6.3308152,1978,NA,NA,FALSE
"1978-12",6.4053121,1978,NA,NA,FALSE
"1979-01",6.3714821,1979,6.1628425,0.2086396,FALSE
"1979-02",6.2566016,1979,6.1628425,0.0937590999999998,FALSE
"1979-03",6.3025845,1979,6.1628425,0.139742,FALSE
"1979-04",6.4980478,1979,6.1628425,0.3352053,FALSE
"1979-05",6.2033358,1979,6.1628425,0.0404932999999996,FALSE
"1979-06",6.250664,1979,6.1628425,0.0878215000000004,FALSE
"1979-07",6.2731554,1979,6.1628425,0.1103129,FALSE
"1979-08",6.1176889,1979,6.1176889,0,FALSE
"1979-09",6.2312488,1979,6.1176889,0.1135599,FALSE
"1979-10",6.3832354,1979,6.1176889,0.2655465,FALSE
"1979-11",6.0445504,1979,6.0445504,0,FALSE
"1979-12",6.1199867,1979,6.0445504,0.0754362999999998,FALSE
"1980-01",6.1465904,1980,6.0445504,0.10204,FALSE
"1980-02",5.9980759,1980,5.9980759,0,FALSE
"1980-03",5.9360886,1980,5.9360886,0,FALSE
"1980-04",6.1140179,1980,5.9360886,0.177929300000001,FALSE
"1980-05",6.2454099,1980,5.9360886,0.309321300000001,FALSE
"1980-06",6.3221102,1980,5.9360886,0.3860216,FALSE
"1980-07",6.0764695,1980,5.9360886,0.1403809,FALSE
"1980-08",6.1765157,1980,5.9360886,0.240427100000001,FALSE
"1980-09",6.1398729,1980,5.9360886,0.203784300000001,FALSE
"1980-10",6.0545932,1980,5.9360886,0.118504600000001,FALSE
"1980-11",5.8498359,1980,5.8498359,0,FALSE
"1980-12",6.0508214,1980,5.8498359,0.2009855,FALSE
"1981-01",5.9154598,1981,5.8498359,0.0656238999999994,FALSE
"1981-02",5.6159664,1981,5.6159664,0,FALSE
"1981-03",5.7454564,1981,5.6159664,0.129490000000001,FALSE
"1981-04",5.5543998,1981,5.5543998,0,FALSE
"1981-05",5.5882322,1981,5.5543998,0.0338324000000005,FALSE
"1981-06",5.3733432,1981,5.3733432,0,FALSE
"1981-07",5.8271164,1981,5.3733432,0.453773200000001,FALSE
"1981-08",5.8455428,1981,5.3733432,0.4721996,FALSE
"1981-09",5.8108859,1981,5.3733432,0.4375427,FALSE
"1981-10",5.8719026,1981,5.3733432,0.4985594,FALSE
"1981-11",5.9945959,1981,5.3733432,0.6212527,TRUE
"1981-12",6.0265835,1981,5.3733432,0.6532403,TRUE
"1982-01",5.9809814,1982,5.3733432,0.6076382,TRUE
"1982-02",6.3078412,1982,5.3733432,0.934498,TRUE
"1982-03",6.3222255,1982,5.3733432,0.9488823,TRUE
"1982-04",6.3324355,1982,5.3733432,0.9590923,TRUE
"1982-05",6.5920253,1982,5.3733432,1.2186821,TRUE
"1982-06",6.7658131,1982,5.8108859,0.9549272,TRUE
"1982-07",6.8827436,1982,5.8108859,1.0718577,TRUE
"1982-08",7.0107483,1982,5.8108859,1.1998624,TRUE
"1982-09",7.4280739,1982,5.8719026,1.5561713,TRUE
"1982-10",8.2941302,1982,5.9809814,2.3131488,TRUE
"1982-11",8.6786614,1982,5.9809814,2.69768,TRUE
"1982-12",9.4012451,1982,5.9809814,3.4202637,TRUE
"1983-01",9.2969075,1983,6.3078412,2.9890663,TRUE
"1983-02",9.6578858,1983,6.3222255,3.3356603,TRUE
"1983-03",9.9502615,1983,6.3324355,3.617826,TRUE
"1983-04",10.1514206,1983,6.5920253,3.5593953,TRUE
"1983-05",10.321893,1983,6.7658131,3.5560799,TRUE
"1983-06",10.2027315,1983,6.8827436,3.3199879,TRUE
"1983-07",10.508203,1983,7.0107483,3.4974547,TRUE
"1983-08",10.2179831,1983,7.4280739,2.7899092,TRUE
"1983-09",10.3361924,1983,8.2941302,2.0420622,TRUE
"1983-10",10.0069647,1983,8.6786614,1.3283033,TRUE
"1983-11",9.6532187,1983,9.2969075,0.3563112,FALSE
"1983-12",9.45643,1983,9.2969075,0.1595225,FALSE
"1984-01",9.494318,1984,9.45643,0.0378880000000006,FALSE
"1984-02",9.3848418,1984,9.3848418,0,FALSE
"1984-03",9.2068699,1984,9.2068699,0,FALSE
"1984-04",9.369749,1984,9.2068699,0.162879100000001,FALSE
"1984-05",8.9351662,1984,8.9351662,0,FALSE
"1984-06",9.0953881,1984,8.9351662,0.1602219,FALSE
"1984-07",8.9078384,1984,8.9078384,0,FALSE
"1984-08",8.8275133,1984,8.8275133,0,FALSE
"1984-09",8.7333667,1984,8.7333667,0,FALSE
"1984-10",8.6943266,1984,8.6943266,0,FALSE
"1984-11",8.6779332,1984,8.6779332,0,FALSE
"1984-12",8.5185596,1984,8.5185596,0,FALSE
"1985-01",8.5510857,1985,8.5185596,0.0325261000000001,FALSE
"1985-02",8.3885358,1985,8.3885358,0,FALSE
"1985-03",8.6637376,1985,8.3885358,0.2752018,FALSE
"1985-04",8.4011935,1985,8.3885358,0.0126577000000001,FALSE
"1985-05",8.3742152,1985,8.3742152,0,FALSE
"1985-06",8.5711682,1985,8.3742152,0.196953000000001,FALSE
"1985-07",8.2983214,1985,8.2983214,0,FALSE
"1985-08",8.154409,1985,8.154409,0,FALSE
"1985-09",8.0559394,1985,8.0559394,0,FALSE
"1985-10",7.8475581,1985,7.8475581,0,FALSE
"1985-11",7.9489792,1985,7.8475581,0.1014211,FALSE
"1985-12",7.7834937,1985,7.7834937,0,FALSE
"1986-01",7.8051783,1986,7.7834937,0.0216845999999995,FALSE
"1986-02",8.0018641,1986,7.7834937,0.2183704,FALSE
"1986-03",7.9246306,1986,7.7834937,0.1411369,FALSE
"1986-04",7.900506,1986,7.7834937,0.1170123,FALSE
"1986-05",7.8447272,1986,7.7834937,0.0612335000000002,FALSE
"1986-06",7.6535791,1986,7.6535791,0,FALSE
"1986-07",8.1112907,1986,7.6535791,0.4577116,FALSE
"1986-08",8.2378853,1986,7.6535791,0.5843062,TRUE
"1986-09",8.3366421,1986,7.6535791,0.683063000000001,TRUE
"1986-10",8.3085966,1986,7.6535791,0.6550175,TRUE
"1986-11",8.3173911,1986,7.6535791,0.663812,TRUE
"1986-12",8.3619367,1986,7.6535791,0.708357599999999,TRUE
"1987-01",8.1858508,1987,7.6535791,0.532271700000001,TRUE
"1987-02",8.2097902,1987,7.6535791,0.556211100000001,TRUE
"1987-03",8.4321873,1987,7.6535791,0.778608200000001,TRUE
"1987-04",8.3001594,1987,7.6535791,0.6465803,TRUE
"1987-05",8.199741,1987,7.6535791,0.5461619,TRUE
"1987-06",8.0089343,1987,8.0089343,0,FALSE
"1987-07",8.07837,1987,8.0089343,0.0694356999999997,FALSE
"1987-08",8.1037797,1987,8.0089343,0.0948454000000005,FALSE
"1987-09",7.7538562,1987,7.7538562,0,FALSE
"1987-10",8.0844456,1987,7.7538562,0.3305894,FALSE
"1987-11",7.9296046,1987,7.7538562,0.1757484,FALSE
"1987-12",7.7266676,1987,7.7266676,0,FALSE
"1988-01",7.6296975,1988,7.6296975,0,FALSE
"1988-02",7.4156822,1988,7.4156822,0,FALSE
"1988-03",7.5001973,1988,7.4156822,0.0845151,FALSE
"1988-04",7.9129331,1988,7.4156822,0.4972509,FALSE
"1988-05",7.4492671,1988,7.4156822,0.0335849000000001,FALSE
"1988-06",7.5697183,1988,7.4156822,0.1540361,FALSE
"1988-07",6.7596112,1988,6.7596112,0,FALSE
"1988-08",7.0669969,1988,6.7596112,0.3073857,FALSE
"1988-09",6.9330658,1988,6.7596112,0.173454599999999,FALSE
"1988-10",6.8165621,1988,6.7596112,0.0569508999999995,FALSE
"1988-11",6.6113447,1988,6.6113447,0,FALSE
"1988-12",6.8312343,1988,6.6113447,0.2198896,FALSE
"1989-01",6.8049326,1989,6.6113447,0.1935879,FALSE
"1989-02",6.6365699,1989,6.6113447,0.0252251999999995,FALSE
"1989-03",6.3430853,1989,6.3430853,0,FALSE
"1989-04",6.2003317,1989,6.2003317,0,FALSE
"1989-05",6.2779598,1989,6.2003317,0.0776281000000001,FALSE
"1989-06",6.0120781,1989,6.0120781,0,FALSE
"1989-07",6.045961,1989,6.0120781,0.0338829,FALSE
"1989-08",5.9427133,1989,5.9427133,0,FALSE
"1989-09",6.0297677,1989,5.9427133,0.0870543999999995,FALSE
"1989-10",5.9229387,1989,5.9229387,0,FALSE
"1989-11",5.7854535,1989,5.7854535,0,FALSE
"1989-12",5.8470122,1989,5.7854535,0.0615587,FALSE
"1990-01",6.1098858,1990,5.7854535,0.3244323,FALSE
"1990-02",6.3904846,1990,5.7854535,0.6050311,TRUE
"1990-03",6.1870232,1990,5.7854535,0.4015697,FALSE
"1990-04",6.2795983,1990,5.7854535,0.4941448,FALSE
"1990-05",6.502717,1990,5.7854535,0.7172635,TRUE
"1990-06",6.6089363,1990,5.7854535,0.8234828,TRUE
"1990-07",7.0884249,1990,5.7854535,1.3029714,TRUE
"1990-08",7.2101214,1990,5.7854535,1.4246679,TRUE
"1990-09",7.372906,1990,5.7854535,1.5874525,TRUE
"1990-10",7.6359345,1990,5.7854535,1.850481,TRUE
"1990-11",7.9445312,1990,5.8470122,2.097519,TRUE
"1990-12",8.0179311,1990,6.1098858,1.9080453,TRUE
"1991-01",8.3984199,1991,6.1870232,2.2113967,TRUE
"1991-02",8.6154406,1991,6.1870232,2.4284174,TRUE
"1991-03",9.1841146,1991,6.2795983,2.9045163,TRUE
"1991-04",9.8618369,1991,6.502717,3.3591199,TRUE
"1991-05",9.5003592,1991,6.6089363,2.8914229,TRUE
"1991-06",9.5392172,1991,7.0884249,2.4507923,TRUE
"1991-07",9.6837695,1991,7.2101214,2.4736481,TRUE
"1991-08",9.7898103,1991,7.372906,2.4169043,TRUE
"1991-09",10.0310789,1991,7.6359345,2.3951444,TRUE
"1991-10",9.9860143,1991,7.9445312,2.0414831,TRUE
"1991-11",10.196472,1991,8.0179311,2.1785409,TRUE
"1991-12",10.472428,1991,8.3984199,2.0740081,TRUE
"1992-01",10.3479398,1992,8.6154406,1.7324992,TRUE
"1992-02",10.4036502,1992,9.1841146,1.2195356,TRUE
"1992-03",10.4968413,1992,9.5003592,0.9964821,TRUE
"1992-04",10.4719343,1992,9.5003592,0.971575099999999,TRUE
"1992-05",10.6169691,1992,9.5392172,1.0777519,TRUE
"1992-06",10.8113144,1992,9.6837695,1.1275449,TRUE
"1992-07",11.1279694,1992,9.7898103,1.3381591,TRUE
"1992-08",10.7206628,1992,9.9860143,0.734648499999999,TRUE
"1992-09",10.6150747,1992,9.9860143,0.629060399999998,TRUE
"1992-10",11.0899568,1992,10.196472,0.8934848,TRUE
"1992-11",11.134966,1992,10.3479398,0.7870262,TRUE
"1992-12",11.2162476,1992,10.3479398,0.8683078,TRUE
"1993-01",10.8329938,1993,10.4036502,0.429343600000001,FALSE
"1993-02",11.013171,1993,10.4719343,0.541236700000001,TRUE
"1993-03",10.857442,1993,10.4719343,0.385507700000002,FALSE
"1993-04",10.7660655,1993,10.6150747,0.150990800000001,FALSE
"1993-05",10.7847628,1993,10.6150747,0.1696881,FALSE
"1993-06",10.9929219,1993,10.6150747,0.377847200000001,FALSE
"1993-07",10.9373958,1993,10.6150747,0.3223211,FALSE
"1993-08",10.9812731,1993,10.6150747,0.3661984,FALSE
"1993-09",10.7398567,1993,10.7398567,0,FALSE
"1993-10",10.9561685,1993,10.7398567,0.2163118,FALSE
"1993-11",10.9477609,1993,10.7398567,0.2079042,FALSE
"1993-12",10.7554463,1993,10.7398567,0.0155895999999984,FALSE
"1994-01",10.5667658,1994,10.5667658,0,FALSE
"1994-02",10.3978521,1994,10.3978521,0,FALSE
"1994-03",10.3525117,1994,10.3525117,0,FALSE
"1994-04",10.062609,1994,10.062609,0,FALSE
"1994-05",9.7654853,1994,9.7654853,0,FALSE
"1994-06",9.8193256,1994,9.7654853,0.053840300000001,FALSE
"1994-07",9.6278327,1994,9.6278327,0,FALSE
"1994-08",9.4431203,1994,9.4431203,0,FALSE
"1994-09",9.3527743,1994,9.3527743,0,FALSE
"1994-10",9.091449,1994,9.091449,0,FALSE
"1994-11",9.141764,1994,9.091449,0.0503149999999994,FALSE
"1994-12",8.9342897,1994,8.9342897,0,FALSE
"1995-01",8.8543858,1995,8.8543858,0,FALSE
"1995-02",8.8223066,1995,8.8223066,0,FALSE
"1995-03",8.6159082,1995,8.6159082,0,FALSE
"1995-04",8.2667684,1995,8.2667684,0,FALSE
"1995-05",8.4734403,1995,8.2667684,0.2066719,FALSE
"1995-06",8.352687,1995,8.2667684,0.0859185999999994,FALSE
"1995-07",8.4243708,1995,8.2667684,0.1576024,FALSE
"1995-08",8.3185139,1995,8.2667684,0.0517454999999991,FALSE
"1995-09",8.3614468,1995,8.2667684,0.0946783999999994,FALSE
"1995-10",8.5739255,1995,8.2667684,0.3071571,FALSE
"1995-11",8.4508294,1995,8.2667684,0.184061,FALSE
"1995-12",8.1431228,1995,8.1431228,0,FALSE
"1996-01",8.4510015,1996,8.1431228,0.3078787,FALSE
"1996-02",8.3257298,1996,8.1431228,0.182606999999999,FALSE
"1996-03",8.4199415,1996,8.1431228,0.2768187,FALSE
"1996-04",8.5772075,1996,8.1431228,0.4340847,FALSE
"1996-05",8.4131712,1996,8.1431228,0.2700484,FALSE
"1996-06",8.2538832,1996,8.1431228,0.1107604,FALSE
"1996-07",8.5661015,1996,8.1431228,0.4229787,FALSE
"1996-08",8.7210702,1996,8.1431228,0.577947399999999,TRUE
"1996-09",8.5748758,1996,8.1431228,0.431752999999999,FALSE
"1996-10",8.7581939,1996,8.1431228,0.6150711,TRUE
"1996-11",8.4693999,1996,8.1431228,0.3262771,FALSE
"1996-12",8.6294154,1996,8.2538832,0.375532199999999,FALSE
"1997-01",8.5663946,1997,8.2538832,0.3125114,FALSE
"1997-02",8.7015512,1997,8.2538832,0.447668,FALSE
"1997-03",8.5911166,1997,8.2538832,0.337233399999999,FALSE
"1997-04",8.5673934,1997,8.2538832,0.3135102,FALSE
"1997-05",8.5463147,1997,8.2538832,0.292431499999999,FALSE
"1997-06",8.3302711,1997,8.3302711,0,FALSE
"1997-07",8.5879749,1997,8.3302711,0.257703800000002,FALSE
"1997-08",8.463649,1997,8.3302711,0.133377900000001,FALSE
"1997-09",8.0664903,1997,8.0664903,0,FALSE
"1997-10",8.0320156,1997,8.0320156,0,FALSE
"1997-11",7.9857149,1997,7.9857149,0,FALSE
"1997-12",7.9092769,1997,7.9092769,0,FALSE
"1998-01",7.8646206,1998,7.8646206,0,FALSE
"1998-02",7.7713455,1998,7.7713455,0,FALSE
"1998-03",7.8823283,1998,7.7713455,0.1109828,FALSE
"1998-04",7.6027993,1998,7.6027993,0,FALSE
"1998-05",7.763808,1998,7.6027993,0.1610087,FALSE
"1998-06",7.8314933,1998,7.6027993,0.228694,FALSE
"1998-07",7.9734878,1998,7.6027993,0.3706885,FALSE
"1998-08",7.7540187,1998,7.6027993,0.1512194,FALSE
"1998-09",7.6325599,1998,7.6027993,0.0297606000000004,FALSE
"1998-10",7.3126541,1998,7.3126541,0,FALSE
"1998-11",7.6250814,1998,7.3126541,0.3124273,FALSE
"1998-12",7.1826918,1998,7.1826918,0,FALSE
"1999-01",7.1177067,1999,7.1177067,0,FALSE
"1999-02",7.1141383,1999,7.1141383,0,FALSE
"1999-03",7.0116646,1999,7.0116646,0,FALSE
"1999-04",6.9784981,1999,6.9784981,0,FALSE
"1999-05",7.0240146,1999,6.9784981,0.0455164999999997,FALSE
"1999-06",6.652633,1999,6.652633,0,FALSE
"1999-07",6.6742551,1999,6.652633,0.0216221000000001,FALSE
"1999-08",6.9046782,1999,6.652633,0.2520452,FALSE
"1999-09",7.0402999,1999,6.652633,0.3876669,FALSE
"1999-10",6.7754053,1999,6.652633,0.1227723,FALSE
"1999-11",6.439154,1999,6.439154,0,FALSE
"1999-12",6.6835384,1999,6.439154,0.2443844,FALSE
"2000-01",6.7659439,2000,6.439154,0.3267899,FALSE
"2000-02",6.6180813,2000,6.439154,0.1789273,FALSE
"2000-03",6.5640508,2000,6.439154,0.1248968,FALSE
"2000-04",6.3753294,2000,6.3753294,0,FALSE
"2000-05",6.4134511,2000,6.3753294,0.0381216999999996,FALSE
"2000-06",6.1143844,2000,6.1143844,0,FALSE
"2000-07",5.9531609,2000,5.9531609,0,FALSE
"2000-08",6.0504175,2000,5.9531609,0.0972565999999997,FALSE
"2000-09",5.962258,2000,5.9531609,0.00909709999999997,FALSE
"2000-10",6.0089315,2000,5.9531609,0.0557705999999998,FALSE
"2000-11",6.2608832,2000,5.9531609,0.3077223,FALSE
"2000-12",6.2430121,2000,5.9531609,0.289851199999999,FALSE
"2001-01",6.1372127,2001,5.9531609,0.1840518,FALSE
"2001-02",6.5008502,2001,5.9531609,0.5476893,TRUE
"2001-03",6.4577326,2001,5.9531609,0.5045717,TRUE
"2001-04",6.7812548,2001,5.9531609,0.8280939,TRUE
"2001-05",6.8918921,2001,5.9531609,0.938731199999999,TRUE
"2001-06",6.9321559,2001,5.9531609,0.978994999999999,TRUE
"2001-07",6.8787948,2001,5.962258,0.916536799999999,TRUE
"2001-08",6.8798926,2001,5.962258,0.9176346,TRUE
"2001-09",6.8406048,2001,6.0089315,0.8316733,TRUE
"2001-10",7.1924177,2001,6.1372127,1.055205,TRUE
"2001-11",6.8819519,2001,6.1372127,0.7447392,TRUE
"2001-12",6.8603356,2001,6.1372127,0.7231229,TRUE
"2002-01",6.9139286,2002,6.4577326,0.456196,FALSE
"2002-02",6.535313,2002,6.4577326,0.0775804000000004,FALSE
"2002-03",6.4292545,2002,6.4292545,0,FALSE
"2002-04",6.3443406,2002,6.3443406,0,FALSE
"2002-05",6.3714797,2002,6.3443406,0.0271391000000003,FALSE
"2002-06",6.4951116,2002,6.3443406,0.150771000000001,FALSE
"2002-07",6.1786518,2002,6.1786518,0,FALSE
"2002-08",6.3480902,2002,6.1786518,0.1694384,FALSE
"2002-09",6.3110678,2002,6.1786518,0.132416,FALSE
"2002-10",6.1273013,2002,6.1273013,0,FALSE
"2002-11",6.1615036,2002,6.1273013,0.0342022999999996,FALSE
"2002-12",6.1811634,2002,6.1273013,0.0538620999999999,FALSE
"2003-01",6.0810489,2003,6.0810489,0,FALSE
"2003-02",5.9538644,2003,5.9538644,0,FALSE
"2003-03",6.1302543,2003,5.9538644,0.1763899,FALSE
"2003-04",6.0283903,2003,5.9538644,0.0745259000000003,FALSE
"2003-05",6.0680853,2003,5.9538644,0.1142209,FALSE
"2003-06",6.0539942,2003,5.9538644,0.1001298,FALSE
"2003-07",6.1267706,2003,5.9538644,0.172906200000001,FALSE
"2003-08",5.8170157,2003,5.8170157,0,FALSE
"2003-09",5.7744161,2003,5.7744161,0,FALSE
"2003-10",5.7825483,2003,5.7744161,0.00813220000000037,FALSE
"2003-11",5.6606664,2003,5.6606664,0,FALSE
"2003-12",5.6804172,2003,5.6606664,0.0197507999999997,FALSE
"2004-01",5.5303483,2004,5.5303483,0,FALSE
"2004-02",5.6419249,2004,5.5303483,0.1115766,FALSE
"2004-03",5.4366142,2004,5.4366142,0,FALSE
"2004-04",5.5060481,2004,5.4366142,0.0694338999999999,FALSE
"2004-05",5.3359398,2004,5.3359398,0,FALSE
"2004-06",5.4625738,2004,5.3359398,0.126634,FALSE
"2004-07",5.5493577,2004,5.3359398,0.2134179,FALSE
"2004-08",5.5164972,2004,5.3359398,0.1805574,FALSE
"2004-09",5.3696849,2004,5.3359398,0.0337451,FALSE
"2004-10",5.1218617,2004,5.1218617,0,FALSE
"2004-11",5.1603695,2004,5.1218617,0.0385077999999996,FALSE
"2004-12",5.0677128,2004,5.0677128,0,FALSE
"2005-01",5.0724675,2005,5.0677128,0.00475470000000033,FALSE
"2005-02",5.0831521,2005,5.0677128,0.0154393000000006,FALSE
"2005-03",5.161945,2005,5.0677128,0.0942322000000004,FALSE
"2005-04",5.1209235,2005,5.0677128,0.0532107000000002,FALSE
"2005-05",5.0985888,2005,5.0677128,0.0308760000000001,FALSE
"2005-06",4.9493322,2005,4.9493322,0,FALSE
"2005-07",4.9709666,2005,4.9493322,0.0216343999999999,FALSE
"2005-08",4.900898,2005,4.900898,0,FALSE
"2005-09",5.0013231,2005,4.900898,0.1004251,FALSE
"2005-10",5.0149393,2005,4.900898,0.1140413,FALSE
"2005-11",4.9371591,2005,4.900898,0.0362610999999999,FALSE
"2005-12",5.0689528,2005,4.900898,0.1680548,FALSE
"2006-01",5.1612476,2006,4.900898,0.260349600000001,FALSE
"2006-02",5.1025207,2006,4.900898,0.201622700000001,FALSE
"2006-03",4.8663416,2006,4.8663416,0,FALSE
"2006-04",4.9645729,2006,4.8663416,0.0982313000000001,FALSE
"2006-05",4.797451,2006,4.797451,0,FALSE
"2006-06",4.8074237,2006,4.797451,0.0099727000000005,FALSE
"2006-07",4.655795,2006,4.655795,0,FALSE
"2006-08",4.7117256,2006,4.655795,0.0559305999999999,FALSE
"2006-09",4.6652096,2006,4.655795,0.0094145999999995,FALSE
"2006-10",4.462476,2006,4.462476,0,FALSE
"2006-11",4.5143049,2006,4.462476,0.0518289000000003,FALSE
"2006-12",4.5672208,2006,4.462476,0.104744800000001,FALSE
"2007-01",4.5528496,2007,4.462476,0.0903736000000004,FALSE
"2007-02",4.6335717,2007,4.462476,0.1710957,FALSE
"2007-03",4.4589732,2007,4.4589732,0,FALSE
"2007-04",4.3851353,2007,4.3851353,0,FALSE
"2007-05",4.2637995,2007,4.2637995,0,FALSE
"2007-06",4.3235242,2007,4.2637995,0.0597246999999994,FALSE
"2007-07",4.2523441,2007,4.2523441,0,FALSE
"2007-08",4.2986318,2007,4.2523441,0.0462876999999997,FALSE
"2007-09",4.2126018,2007,4.2126018,0,FALSE
"2007-10",4.325446,2007,4.2126018,0.112844200000001,FALSE
"2007-11",4.4260811,2007,4.2126018,0.2134793,FALSE
"2007-12",4.3076044,2007,4.2126018,0.0950025999999999,FALSE
"2008-01",4.2212286,2008,4.2126018,0.00862680000000005,FALSE
"2008-02",3.9781179,2008,3.9781179,0,FALSE
"2008-03",4.0564715,2008,3.9781179,0.0783535999999998,FALSE
"2008-04",4.2646705,2008,3.9781179,0.2865526,FALSE
"2008-05",4.2657991,2008,3.9781179,0.2876812,FALSE
"2008-06",4.2430384,2008,3.9781179,0.2649205,FALSE
"2008-07",4.2493883,2008,3.9781179,0.2712704,FALSE
"2008-08",4.0150252,2008,3.9781179,0.0369073000000002,FALSE
"2008-09",4.2884484,2008,3.9781179,0.3103305,FALSE
"2008-10",4.2893098,2008,3.9781179,0.3111919,FALSE
"2008-11",4.4621716,2008,3.9781179,0.4840537,FALSE
"2008-12",4.5692782,2008,3.9781179,0.5911603,TRUE
"2009-01",4.9070569,2009,3.9781179,0.928939,TRUE
"2009-02",5.3010011,2009,4.0150252,1.2859759,TRUE
"2009-03",5.7104762,2009,4.0150252,1.695451,TRUE
"2009-04",5.5119971,2009,4.0150252,1.4969719,TRUE
"2009-05",5.811404,2009,4.0150252,1.7963788,TRUE
"2009-06",5.8611298,2009,4.0150252,1.8461046,TRUE
"2009-07",5.6712003,2009,4.0150252,1.6561751,TRUE
"2009-08",5.7143844,2009,4.2884484,1.425936,TRUE
"2009-09",5.6609767,2009,4.2893098,1.3716669,TRUE
"2009-10",5.6226558,2009,4.4621716,1.1604842,TRUE
"2009-11",5.5578324,2009,4.5692782,0.988554199999999,TRUE
"2009-12",5.4903494,2009,4.9070569,0.583292500000001,TRUE
"2010-01",5.2650123,2010,5.2650123,0,FALSE
"2010-02",5.2962879,2010,5.2650123,0.0312755999999998,FALSE
"2010-03",5.4218772,2010,5.2650123,0.1568649,FALSE
"2010-04",5.4975778,2010,5.2650123,0.2325655,FALSE
"2010-05",5.229284,2010,5.229284,0,FALSE
"2010-06",5.143996,2010,5.143996,0,FALSE
"2010-07",5.2861766,2010,5.143996,0.142180600000001,FALSE
"2010-08",5.0320464,2010,5.0320464,0,FALSE
"2010-09",5.0534806,2010,5.0320464,0.0214342000000007,FALSE
"2010-10",5.2838184,2010,5.0320464,0.251772000000001,FALSE
"2010-11",5.108449,2010,5.0320464,0.0764026000000007,FALSE
"2010-12",4.8761144,2010,4.8761144,0,FALSE
"2011-01",5.0021879,2011,4.8761144,0.1260735,FALSE
"2011-02",4.9700752,2011,4.8761144,0.0939608000000005,FALSE
"2011-03",4.9257515,2011,4.8761144,0.0496371,FALSE
"2011-04",4.958268,2011,4.8761144,0.0821536000000007,FALSE
"2011-05",5.0132585,2011,4.8761144,0.1371441,FALSE
"2011-06",4.9169299,2011,4.8761144,0.0408155000000008,FALSE
"2011-07",5.0903496,2011,4.8761144,0.2142352,FALSE
"2011-08",5.2701921,2011,4.8761144,0.3940777,FALSE
"2011-09",5.2208393,2011,4.8761144,0.3447249,FALSE
"2011-10",5.1868413,2011,4.8761144,0.310726900000001,FALSE
"2011-11",5.2305556,2011,4.8761144,0.3544412,FALSE
"2011-12",5.1958359,2011,4.9169299,0.278905999999999,FALSE
"2012-01",5.0465398,2012,4.9169299,0.129609899999999,FALSE
"2012-02",5.1900503,2012,4.9169299,0.2731204,FALSE
"2012-03",5.1824323,2012,4.9169299,0.2655024,FALSE
"2012-04",4.9932057,2012,4.9169299,0.0762757999999994,FALSE
"2012-05",5.200591,2012,4.9169299,0.2836611,FALSE
"2012-06",5.1630007,2012,4.9932057,0.169795000000001,FALSE
"2012-07",5.1794304,2012,4.9932057,0.1862247,FALSE
"2012-08",5.1569849,2012,4.9932057,0.1637792,FALSE
"2012-09",5.4873262,2012,4.9932057,0.4941205,FALSE
"2012-10",5.4095975,2012,4.9932057,0.4163918,FALSE
"2012-11",5.2563054,2012,4.9932057,0.2630997,FALSE
"2012-12",5.4312393,2012,4.9932057,0.4380336,FALSE
"2013-01",5.3881817,2013,4.9932057,0.394976,FALSE
"2013-02",5.3926119,2013,4.9932057,0.3994062,FALSE
"2013-03",5.6395855,2013,4.9932057,0.6463798,TRUE
"2013-04",5.58699,2013,5.1569849,0.4300051,FALSE
"2013-05",5.6101529,2013,5.1569849,0.453168,FALSE
"2013-06",5.6958995,2013,5.1569849,0.5389146,TRUE
"2013-07",5.6325872,2013,5.1569849,0.475602299999999,FALSE
"2013-08",5.8436327,2013,5.2563054,0.5873273,TRUE
"2013-09",5.7049153,2013,5.2563054,0.4486099,FALSE
"2013-10",5.8229709,2013,5.2563054,0.5666655,TRUE
"2013-11",5.7961014,2013,5.3881817,0.407919700000001,FALSE
"2013-12",5.8991173,2013,5.3881817,0.510935600000001,TRUE
"2014-01",5.9442018,2014,5.3926119,0.5515899,TRUE
"2014-02",5.8754633,2014,5.58699,0.2884733,FALSE
"2014-03",5.8740766,2014,5.58699,0.2870866,FALSE
"2014-04",5.8022067,2014,5.6101529,0.1920538,FALSE
"2014-05",5.9306462,2014,5.6325872,0.298059,FALSE
"2014-06",6.049574,2014,5.6325872,0.4169868,FALSE
"2014-07",6.181221,2014,5.7049153,0.4763057,FALSE
"2014-08",6.1061621,2014,5.7049153,0.4012468,FALSE
"2014-09",6.23683,2014,5.7961014,0.4407286,FALSE
"2014-10",6.3582106,2014,5.7961014,0.562109199999999,TRUE
"2014-11",6.296422,2014,5.8022067,0.4942153,FALSE
"2014-12",6.1027505,2014,5.8022067,0.3005438,FALSE
"2015-01",6.3481879,2015,5.8022067,0.5459812,TRUE
"2015-02",6.1527517,2015,5.8022067,0.350544999999999,FALSE
"2015-03",6.1021,2015,5.8022067,0.2998933,FALSE
"2015-04",6.1097764,2015,5.9306462,0.1791302,FALSE
"2015-05",5.9317703,2015,5.9317703,0,FALSE
"2015-06",6.0091259,2015,5.9317703,0.0773555999999997,FALSE
"2015-07",6.2850715,2015,5.9317703,0.3533012,FALSE
"2015-08",6.0904759,2015,5.9317703,0.1587056,FALSE
"2015-09",6.1740831,2015,5.9317703,0.2423128,FALSE
"2015-10",5.9148926,2015,5.9148926,0,FALSE
"2015-11",5.8499509,2015,5.8499509,0,FALSE
"2015-12",5.7365005,2015,5.7365005,0,FALSE
"2016-01",6.0369258,2016,5.7365005,0.3004253,FALSE
"2016-02",5.6925561,2016,5.6925561,0,FALSE
"2016-03",5.6516499,2016,5.6516499,0,FALSE
"2016-04",5.6424035,2016,5.6424035,0,FALSE
"2016-05",5.7219054,2016,5.6424035,0.0795018999999995,FALSE
"2016-06",5.697177,2016,5.6424035,0.0547734999999996,FALSE
"2016-07",5.7069329,2016,5.6424035,0.0645293999999996,FALSE
"2016-08",5.621182,2016,5.621182,0,FALSE
"2016-09",5.6675006,2016,5.621182,0.0463186000000002,FALSE
"2016-10",5.6031669,2016,5.6031669,0,FALSE
"2016-11",5.7676936,2016,5.6031669,0.164526700000001,FALSE
"2016-12",5.8296634,2016,5.6031669,0.226496500000001,FALSE
"2017-01",5.6783639,2017,5.6031669,0.0751970000000002,FALSE
"2017-02",5.8896738,2017,5.6031669,0.2865069,FALSE
"2017-03",5.8455508,2017,5.6031669,0.2423839,FALSE
"2017-04",5.6035382,2017,5.6031669,0.000371300000000296,FALSE
"2017-05",5.5481668,2017,5.5481668,0,FALSE
"2017-06",5.6254965,2017,5.5481668,0.0773296999999999,FALSE
"2017-07",5.6228302,2017,5.5481668,0.0746634000000004,FALSE
"2017-08",5.5339307,2017,5.5339307,0,FALSE
"2017-09",5.4637986,2017,5.4637986,0,FALSE
"2017-10",5.4090722,2017,5.4090722,0,FALSE
"2017-11",5.4523114,2017,5.4090722,0.0432392000000004,FALSE
"2017-12",5.6044578,2017,5.4090722,0.1953856,FALSE
"2018-01",5.516308,2018,5.4090722,0.107235800000001,FALSE
"2018-02",5.5757854,2018,5.4090722,0.1667132,FALSE
"2018-03",5.5303989,2018,5.4090722,0.1213267,FALSE
"2018-04",5.5346025,2018,5.4090722,0.1255303,FALSE
"2018-05",5.4352057,2018,5.4090722,0.0261335000000003,FALSE
"2018-06",5.3430135,2018,5.3430135,0,FALSE
"2018-07",5.3215971,2018,5.3215971,0,FALSE
"2018-08",5.2511719,2018,5.2511719,0,FALSE
"2018-09",5.0192622,2018,5.0192622,0,FALSE
"2018-10",5.010809,2018,5.010809,0,FALSE
"2018-11",5.1048754,2018,5.010809,0.0940664,FALSE
"2018-12",5.0051434,2018,5.0051434,0,FALSE
"2019-01",5.0396379,2019,5.0051434,0.0344945000000001,FALSE
"2019-02",4.9829926,2019,4.9829926,0,FALSE
"2019-03",5.0892093,2019,4.9829926,0.1062167,FALSE
"2019-04",5.2084208,2019,4.9829926,0.2254282,FALSE
"2019-05",5.1961719,2019,4.9829926,0.2131793,FALSE
"2019-06",5.2612863,2019,4.9829926,0.2782937,FALSE
"2019-07",5.3140458,2019,4.9829926,0.331053199999999,FALSE
"2019-08",5.2721761,2019,4.9829926,0.2891835,FALSE
"2019-09",5.2244558,2019,4.9829926,0.2414632,FALSE
"2019-10",5.3162842,2019,4.9829926,0.3332916,FALSE
"2019-11",5.1638944,2019,4.9829926,0.1809018,FALSE
"2019-12",5.0245244,2019,4.9829926,0.0415317999999996,FALSE
"2020-01",5.2372058,2020,4.9829926,0.2542132,FALSE
"2020-02",5.1012269,2020,5.0245244,0.0767025000000006,FALSE
"2020-03",5.1932458,2020,5.0245244,0.1687214,FALSE
"2020-04",6.2888673,2020,5.0245244,1.2643429,TRUE
"2020-05",6.9801387,2020,5.0245244,1.9556143,TRUE
"2020-06",7.4262276,2020,5.0245244,2.4017032,TRUE
"2020-07",7.5069544,2020,5.0245244,2.48243,TRUE
"2020-08",6.8199447,2020,5.0245244,1.7954203,TRUE
"2020-09",6.9232086,2020,5.0245244,1.8986842,TRUE
"2020-10",6.9768312,2020,5.0245244,1.9523068,TRUE
"2020-11",6.7909637,2020,5.0245244,1.7664393,TRUE
"2020-12",6.533243,2020,5.1012269,1.4320161,TRUE
"2021-01",6.2657365,2021,5.1012269,1.1645096,TRUE
"2021-02",5.8316833,2021,5.1932458,0.6384375,TRUE
"2021-03",5.6601409,2021,5.6601409,0,FALSE
"2021-04",5.455474,2021,5.455474,0,FALSE
"2021-05",5.0949775,2021,5.0949775,0,FALSE
"2021-06",5.0289903,2021,5.0289903,0,FALSE
"2021-07",4.7787639,2021,4.7787639,0,FALSE
"2021-08",4.5969493,2021,4.5969493,0,FALSE
"2021-09",4.7072217,2021,4.5969493,0.110272399999999,FALSE
"2021-10",5.267834,2021,4.5969493,0.670884699999999,TRUE
"2021-11",4.613064,2021,4.5969493,0.0161146999999993,FALSE
"2021-12",4.1805621,2021,4.1805621,0,FALSE
"2022-01",4.1590944,2022,4.1590944,0,FALSE
"2022-02",4.0179775,2022,4.0179775,0,FALSE
"2022-03",3.9680648,2022,3.9680648,0,FALSE
"2022-04",3.8462434,2022,3.8462434,0,FALSE
"2022-05",3.9277349,2022,3.8462434,0.0814914999999998,FALSE
"2022-06",3.6155575,2022,3.6155575,0,FALSE
"2022-07",3.4971844,2022,3.4971844,0,FALSE
"2022-08",3.5520385,2022,3.4971844,0.0548541,FALSE
"2022-09",3.6038046,2022,3.4971844,0.1066202,FALSE
"2022-10",3.4580952,2022,3.4580952,0,FALSE
"2022-11",3.49622,2022,3.4580952,0.0381248000000003,FALSE
"2022-12",3.4945501,2022,3.4580952,0.0364549000000003,FALSE
"2023-01",3.6525751,2023,3.4580952,0.1944799,FALSE
"2023-02",3.5919584,2023,3.4580952,0.1338632,FALSE
"2023-03",3.5727226,2023,3.4580952,0.1146274,FALSE
"2023-04",3.6974742,2023,3.4580952,0.239379,FALSE
"2023-05",3.5736875,2023,3.4580952,0.1155923,FALSE
"2023-06",3.5339661,2023,3.4580952,0.0758709000000004,FALSE
"2023-07",3.7737137,2023,3.4580952,0.3156185,FALSE
"2023-08",3.7088362,2023,3.4580952,0.250741,FALSE
"2023-09",3.5714512,2023,3.4580952,0.113356,FALSE
"2023-10",3.7995019,2023,3.4945501,0.3049518,FALSE
"2023-11",3.9070944,2023,3.4945501,0.4125443,FALSE
"2023-12",3.9478768,2023,3.5339661,0.4139107,FALSE
"2024-01",4.0777884,2024,3.5339661,0.5438223,TRUE
"2024-02",3.7175588,2024,3.5339661,0.1835927,FALSE
"2024-03",3.8691245,2024,3.5339661,0.3351584,FALSE
"2024-04",4.0744773,2024,3.5339661,0.5405112,TRUE
"2024-05",4.0049027,2024,3.5339661,0.470936599999999,FALSE
